<PAMDataset>
  <Metadata />
  <Metadata domain="Esri">
    <MDI key="PyramidResamplingType">NEAREST</MDI>
  </Metadata>
  <PAMRasterBand band="1">
    <Histograms>
      <HistItem>
        <HistMin>11000</HistMin>
        <HistMax>18010</HistMax>
        <BucketCount>256</BucketCount>
        <IncludeOutOfRange>1</IncludeOutOfRange>
        <Approximate>0</Approximate>
        <HistCounts>3182|0|0|0|24116|23573|1794|0|0|0|0|0|3810|5430|17673|31612|26|39|64|2285|495|2021|72|162|0|0|0|0|0|0|0|0|0|48344|0|0|0|0|0|0|0|0|0|0|0|0|0|0|0|0|0|0|0|0|0|0|0|0|0|0|0|0|0|0|0|0|0|0|0|0|0|0|0|0|0|0|0|0|0|0|0|0|0|0|0|0|0|0|0|0|0|0|0|228|0|0|0|0|0|0|0|0|0|0|0|0|0|0|0|0|0|0|0|0|0|0|0|0|0|0|0|0|0|0|0|0|0|0|0|0|0|0|0|0|0|0|0|0|0|0|0|0|0|0|0|0|0|0|0|0|0|0|0|0|0|0|0|0|0|0|0|0|0|0|0|0|0|0|0|0|0|0|0|0|0|0|0|0|0|0|0|0|0|0|0|0|0|0|0|0|0|0|0|0|0|0|0|0|0|0|0|0|0|0|0|0|0|0|0|0|0|0|0|0|0|0|0|0|0|0|0|0|0|0|0|0|0|0|0|0|0|0|0|0|0|0|0|0|0|0|0|0|0|0|0|0|0|0|0|0|0|0|0|0|0|1885</HistCounts>
      </HistItem>
    </Histograms>
    <GDALRasterAttributeTable>
      <FieldDefn index="0">
        <Name>OBJECTID</Name>
        <Type>0</Type>
        <Usage>0</Usage>
      </FieldDefn>
      <FieldDefn index="1">
        <Name>Value</Name>
        <Type>1</Type>
        <Usage>0</Usage>
      </FieldDefn>
      <FieldDefn index="2">
        <Name>Count</Name>
        <Type>1</Type>
        <Usage>0</Usage>
      </FieldDefn>
      <Row index="0">
        <F>889</F>
        <F>11000</F>
        <F>2133</F>
      </Row>
      <Row index="1">
        <F>892</F>
        <F>11003</F>
        <F>1049</F>
      </Row>
      <Row index="2">
        <F>1001</F>
        <F>11112</F>
        <F>1583</F>
      </Row>
      <Row index="3">
        <F>1002</F>
        <F>11113</F>
        <F>393</F>
      </Row>
      <Row index="4">
        <F>1004</F>
        <F>11115</F>
        <F>174</F>
      </Row>
      <Row index="5">
        <F>1005</F>
        <F>11116</F>
        <F>399</F>
      </Row>
      <Row index="6">
        <F>1008</F>
        <F>11119</F>
        <F>1036</F>
      </Row>
      <Row index="7">
        <F>1009</F>
        <F>11120</F>
        <F>17771</F>
      </Row>
      <Row index="8">
        <F>1010</F>
        <F>11121</F>
        <F>45</F>
      </Row>
      <Row index="9">
        <F>1011</F>
        <F>11122</F>
        <F>176</F>
      </Row>
      <Row index="10">
        <F>1014</F>
        <F>11125</F>
        <F>37</F>
      </Row>
      <Row index="11">
        <F>1017</F>
        <F>11128</F>
        <F>237</F>
      </Row>
      <Row index="12">
        <F>1021</F>
        <F>11132</F>
        <F>2265</F>
      </Row>
      <Row index="13">
        <F>1027</F>
        <F>11138</F>
        <F>7645</F>
      </Row>
      <Row index="14">
        <F>1028</F>
        <F>11139</F>
        <F>50</F>
      </Row>
      <Row index="15">
        <F>1029</F>
        <F>11140</F>
        <F>492</F>
      </Row>
      <Row index="16">
        <F>1030</F>
        <F>11141</F>
        <F>2613</F>
      </Row>
      <Row index="17">
        <F>1032</F>
        <F>11143</F>
        <F>807</F>
      </Row>
      <Row index="18">
        <F>1034</F>
        <F>11145</F>
        <F>11966</F>
      </Row>
      <Row index="19">
        <F>1071</F>
        <F>11182</F>
        <F>1663</F>
      </Row>
      <Row index="20">
        <F>1076</F>
        <F>11187</F>
        <F>31</F>
      </Row>
      <Row index="21">
        <F>1081</F>
        <F>11192</F>
        <F>100</F>
      </Row>
      <Row index="22">
        <F>1224</F>
        <F>11335</F>
        <F>85</F>
      </Row>
      <Row index="23">
        <F>1230</F>
        <F>11341</F>
        <F>1869</F>
      </Row>
      <Row index="24">
        <F>1244</F>
        <F>11355</F>
        <F>1347</F>
      </Row>
      <Row index="25">
        <F>1245</F>
        <F>11356</F>
        <F>509</F>
      </Row>
      <Row index="26">
        <F>1247</F>
        <F>11358</F>
        <F>153</F>
      </Row>
      <Row index="27">
        <F>1248</F>
        <F>11359</F>
        <F>1552</F>
      </Row>
      <Row index="28">
        <F>1249</F>
        <F>11360</F>
        <F>3581</F>
      </Row>
      <Row index="29">
        <F>1271</F>
        <F>11382</F>
        <F>144</F>
      </Row>
      <Row index="30">
        <F>1278</F>
        <F>11389</F>
        <F>30</F>
      </Row>
      <Row index="31">
        <F>1283</F>
        <F>11394</F>
        <F>2553</F>
      </Row>
      <Row index="32">
        <F>1293</F>
        <F>11404</F>
        <F>2296</F>
      </Row>
      <Row index="33">
        <F>1294</F>
        <F>11405</F>
        <F>268</F>
      </Row>
      <Row index="34">
        <F>1295</F>
        <F>11406</F>
        <F>10487</F>
      </Row>
      <Row index="35">
        <F>1296</F>
        <F>11407</F>
        <F>434</F>
      </Row>
      <Row index="36">
        <F>1297</F>
        <F>11408</F>
        <F>1605</F>
      </Row>
      <Row index="37">
        <F>1302</F>
        <F>11413</F>
        <F>6650</F>
      </Row>
      <Row index="38">
        <F>1307</F>
        <F>11418</F>
        <F>14050</F>
      </Row>
      <Row index="39">
        <F>1308</F>
        <F>11419</F>
        <F>2721</F>
      </Row>
      <Row index="40">
        <F>1310</F>
        <F>11421</F>
        <F>34</F>
      </Row>
      <Row index="41">
        <F>1311</F>
        <F>11422</F>
        <F>81</F>
      </Row>
      <Row index="42">
        <F>1312</F>
        <F>11423</F>
        <F>1666</F>
      </Row>
      <Row index="43">
        <F>1314</F>
        <F>11425</F>
        <F>5973</F>
      </Row>
      <Row index="44">
        <F>1320</F>
        <F>11431</F>
        <F>437</F>
      </Row>
      <Row index="45">
        <F>1349</F>
        <F>11460</F>
        <F>26</F>
      </Row>
      <Row index="46">
        <F>1361</F>
        <F>11472</F>
        <F>39</F>
      </Row>
      <Row index="47">
        <F>1407</F>
        <F>11518</F>
        <F>64</F>
      </Row>
      <Row index="48">
        <F>1424</F>
        <F>11535</F>
        <F>197</F>
      </Row>
      <Row index="49">
        <F>1429</F>
        <F>11540</F>
        <F>2044</F>
      </Row>
      <Row index="50">
        <F>1432</F>
        <F>11543</F>
        <F>44</F>
      </Row>
      <Row index="51">
        <F>1444</F>
        <F>11555</F>
        <F>368</F>
      </Row>
      <Row index="52">
        <F>1462</F>
        <F>11573</F>
        <F>127</F>
      </Row>
      <Row index="53">
        <F>1489</F>
        <F>11600</F>
        <F>2021</F>
      </Row>
      <Row index="54">
        <F>1516</F>
        <F>11627</F>
        <F>72</F>
      </Row>
      <Row index="55">
        <F>1523</F>
        <F>11634</F>
        <F>162</F>
      </Row>
      <Row index="56">
        <F>1798</F>
        <F>11909</F>
        <F>29732</F>
      </Row>
      <Row index="57">
        <F>1799</F>
        <F>11910</F>
        <F>280</F>
      </Row>
      <Row index="58">
        <F>1800</F>
        <F>11911</F>
        <F>4127</F>
      </Row>
      <Row index="59">
        <F>1807</F>
        <F>11918</F>
        <F>597</F>
      </Row>
      <Row index="60">
        <F>1809</F>
        <F>11920</F>
        <F>11321</F>
      </Row>
      <Row index="61">
        <F>1816</F>
        <F>11927</F>
        <F>1874</F>
      </Row>
      <Row index="62">
        <F>1817</F>
        <F>11928</F>
        <F>409</F>
      </Row>
      <Row index="63">
        <F>1818</F>
        <F>11929</F>
        <F>4</F>
      </Row>
      <Row index="64">
        <F>1827</F>
        <F>13575</F>
        <F>228</F>
      </Row>
      <Row index="65">
        <F>2006</F>
        <F>18010</F>
        <F>1885</F>
      </Row>
    </GDALRasterAttributeTable>
    <Metadata>
      <MDI key="STATISTICS_MINIMUM">11000</MDI>
      <MDI key="STATISTICS_MAXIMUM">18010</MDI>
      <MDI key="STATISTICS_MEAN">11546.178765189</MDI>
      <MDI key="STATISTICS_STDDEV">761.82316556189</MDI>
      <MDI key="STATISTICS_SKIPFACTORX">1</MDI>
      <MDI key="STATISTICS_SKIPFACTORY">1</MDI>
      <MDI key="STATISTICS_EXCLUDEDVALUES"></MDI>
      <MDI key="STATISTICS_COVARIANCES">580374.535586731</MDI>
    </Metadata>
  </PAMRasterBand>
</PAMDataset>
