<PAMDataset>
  <Metadata />
  <Metadata domain="Esri">
    <MDI key="PyramidResamplingType">NEAREST</MDI>
  </Metadata>
  <PAMRasterBand band="1">
    <Histograms>
      <HistItem>
        <HistMin>-128.5</HistMin>
        <HistMax>127.5</HistMax>
        <BucketCount>256</BucketCount>
        <IncludeOutOfRange>1</IncludeOutOfRange>
        <Approximate>0</Approximate>
        <HistCounts>0|0|0|0|0|0|0|0|0|0|0|0|0|0|0|0|0|0|0|0|0|0|0|0|0|0|0|0|0|0|0|0|0|0|0|0|0|0|0|0|0|0|0|0|0|0|0|0|0|0|0|0|0|0|0|0|0|0|0|0|0|0|0|0|0|0|0|0|0|0|0|0|0|0|0|0|0|0|0|0|0|0|0|0|0|0|0|0|0|0|0|0|0|0|0|0|0|0|0|0|0|0|0|0|0|0|0|0|0|0|0|0|0|0|0|0|0|0|0|0|0|0|0|0|0|0|0|0|0|0|0|0|0|0|0|0|0|0|0|1377467|26417044|0|0|0|0|0|0|0|0|16032494|4569829|1766820|3704588|0|0|0|0|0|0|26779485|9603569|690333|0|0|0|0|0|0|0|235612|2525369|103845|0|0|1866024|0|0|0|0|288175|1833726|21344|0|0|0|0|0|0|0|382358|0|4381798|6229324|3342|39784|0|0|0|0|0|0|0|0|0|0|0|0|0|0|0|0|0|0|0|0|0|0|0|0|0|0|0|0|0|0|0|0|0|0|0|0|0|0|0|0|0|0|0|0|0|0|0|0|0|0|0|0|0|0|0|0|0|0|0|0|0</HistCounts>
      </HistItem>
    </Histograms>
    <GDALRasterAttributeTable>
      <FieldDefn index="0">
        <Name>OBJECTID</Name>
        <Type>0</Type>
        <Usage>0</Usage>
      </FieldDefn>
      <FieldDefn index="1">
        <Name>Value</Name>
        <Type>0</Type>
        <Usage>0</Usage>
      </FieldDefn>
      <FieldDefn index="2">
        <Name>Count</Name>
        <Type>1</Type>
        <Usage>0</Usage>
      </FieldDefn>
      <Row index="0">
        <F>1</F>
        <F>11</F>
        <F>1377467</F>
      </Row>
      <Row index="1">
        <F>2</F>
        <F>12</F>
        <F>26417044</F>
      </Row>
      <Row index="2">
        <F>4</F>
        <F>21</F>
        <F>16032494</F>
      </Row>
      <Row index="3">
        <F>5</F>
        <F>22</F>
        <F>4569829</F>
      </Row>
      <Row index="4">
        <F>6</F>
        <F>23</F>
        <F>1766820</F>
      </Row>
      <Row index="5">
        <F>7</F>
        <F>24</F>
        <F>3704588</F>
      </Row>
      <Row index="6">
        <F>8</F>
        <F>31</F>
        <F>26779485</F>
      </Row>
      <Row index="7">
        <F>9</F>
        <F>32</F>
        <F>9603569</F>
      </Row>
      <Row index="8">
        <F>10</F>
        <F>33</F>
        <F>690333</F>
      </Row>
      <Row index="9">
        <F>11</F>
        <F>41</F>
        <F>235612</F>
      </Row>
      <Row index="10">
        <F>12</F>
        <F>42</F>
        <F>2525369</F>
      </Row>
      <Row index="11">
        <F>13</F>
        <F>43</F>
        <F>103845</F>
      </Row>
      <Row index="12">
        <F>16</F>
        <F>46</F>
        <F>1866024</F>
      </Row>
      <Row index="13">
        <F>17</F>
        <F>51</F>
        <F>288175</F>
      </Row>
      <Row index="14">
        <F>18</F>
        <F>52</F>
        <F>1833726</F>
      </Row>
      <Row index="15">
        <F>19</F>
        <F>53</F>
        <F>21344</F>
      </Row>
      <Row index="16">
        <F>20</F>
        <F>61</F>
        <F>382358</F>
      </Row>
      <Row index="17">
        <F>22</F>
        <F>63</F>
        <F>4381798</F>
      </Row>
      <Row index="18">
        <F>23</F>
        <F>64</F>
        <F>6229324</F>
      </Row>
      <Row index="19">
        <F>24</F>
        <F>65</F>
        <F>3342</F>
      </Row>
      <Row index="20">
        <F>25</F>
        <F>66</F>
        <F>39784</F>
      </Row>
    </GDALRasterAttributeTable>
    <Metadata>
      <MDI key="STATISTICS_MINIMUM">11</MDI>
      <MDI key="STATISTICS_MAXIMUM">66</MDI>
      <MDI key="STATISTICS_MEAN">28.270301986186</MDI>
      <MDI key="STATISTICS_STDDEV">15.131310615179</MDI>
      <MDI key="STATISTICS_SKIPFACTORX">1</MDI>
      <MDI key="STATISTICS_SKIPFACTORY">1</MDI>
      <MDI key="STATISTICS_EXCLUDEDVALUES"></MDI>
      <MDI key="STATISTICS_COVARIANCES">228.956560933025</MDI>
    </Metadata>
  </PAMRasterBand>
</PAMDataset>
